1	0.000000000	host	1.1.0		0x80	6	0x00	36
2	0.000000000	1.1.0	host		0x80			46
3	0.000000000	host	1.1.0		0x80	6	0x00	36
4	0.000000000	1.1.0	host		0x80			69
5	0.000000000	host	1.1.0		0x00	9	0x00	36
6	0.000000000	1.1.0	host		0x00			28
7	0.000000000	host	1.2.0		0x80	6	0x00	36
8	0.000000000	1.2.0	host		0x80			46
9	0.000000000	host	1.2.0		0x80	6	0x00	36
10	0.000000000	1.2.0	host		0x80			62
11	0.000000000	host	1.2.0		0x00	9	0x00	36
12	0.000000000	1.2.0	host		0x00			28
13	0.034521000	1.2.1	host		0x81			33
14	0.034554000	host	1.2.1		0x81			27
15	0.064645000	1.2.1	host		0x81			33
16	0.064686000	host	1.2.1		0x81			27
17	0.095678000	1.2.1	host		0x81			33
18	0.095713000	host	1.2.1		0x81			27
19	0.126192000	1.2.1	host		0x81			33
20	0.126227000	host	1.2.1		0x81			27
21	0.156324000	1.2.1	host		0x81			33
22	0.156348000	host	1.2.1		0x81			27
23	0.185526000	1.2.1	host		0x81			33
24	0.185584000	host	1.2.1		0x81			27
25	0.215326000	1.2.1	host		0x81			33
26	0.215360000	host	1.2.1		0x81			27
27	0.260578000	1.2.1	host		0x81			33
28	0.260612000	host	1.2.1		0x81			27
29	0.305628000	1.2.1	host		0x81			33
30	0.305685000	host	1.2.1		0x81			27
31	0.335789000	1.2.1	host		0x81			33
32	0.335828000	host	1.2.1		0x81			27
33	0.381393000	1.2.1	host		0x81			33
34	0.381442000	host	1.2.1		0x81			27
35	0.411573000	1.2.1	host		0x81			33
36	0.411629000	host	1.2.1		0x81			27
37	0.442264000	1.2.1	host		0x81			33
38	0.442299000	host	1.2.1		0x81			27
39	0.471392000	1.2.1	host		0x81			33
40	0.471416000	host	1.2.1		0x81			27
41	0.504131000	1.2.1	host		0x81			33
42	0.504187000	host	1.2.1		0x81			27
43	0.535472000	1.2.1	host		0x81			33
44	0.535529000	host	1.2.1		0x81			27
45	0.567098000	1.2.1	host		0x81			33
46	0.567134000	host	1.2.1		0x81			27
47	0.596569000	1.2.1	host		0x81			33
48	0.596624000	host	1.2.1		0x81			27
49	0.627046000	1.2.1	host		0x81			33
50	0.627101000	host	1.2.1		0x81			27
51	0.654825000	1.2.1	host		0x81			33
52	0.654917000	host	1.2.1		0x81			27
53	0.718326000	1.2.1	host		0x81			33
54	0.718374000	host	1.2.1		0x81			27
55	0.764818000	1.2.1	host		0x81			33
56	0.764876000	host	1.2.1		0x81			27
57	0.809389000	1.2.1	host		0x81			33
58	0.809430000	host	1.2.1		0x81			27
59	6.706438000	1.2.1	host		0x81			27
60	6.706488000	1.2.1	host		0x81			27
61	7.511603000	host	1.2.0		0x00		0x01	36
62	7.511672000	1.2.0	host		0x00			28
63	7.511703000	host	1.2.1		0x81			27
64	7.511735000	host	1.2.1		0x81			27
65	7.512678000	1.2.1	host		0x81			33
66	7.512736000	host	1.2.1		0x81			27
67	7.529443000	1.2.1	host		0x81			33
68	7.529477000	host	1.2.1		0x81			27
69	7.563143000	1.2.1	host		0x81			33
70	7.563184000	host	1.2.1		0x81			27
71	7.591084000	1.2.1	host		0x81			33
72	7.591145000	host	1.2.1		0x81			27
73	7.623326000	1.2.1	host		0x81			33
74	7.623504000	host	1.2.1		0x81			27
75	7.661772000	1.2.1	host		0x81			33
76	7.661807000	host	1.2.1		0x81			27
77	7.684412000	1.2.1	host		0x81			33
78	7.684447000	host	1.2.1		0x81			27
79	7.716499000	1.2.1	host		0x81			33
80	7.716539000	host	1.2.1		0x81			27
81	7.750880000	1.2.1	host		0x81			33
82	7.750921000	host	1.2.1		0x81			27
83	7.861811000	1.2.1	host		0x81			33
84	7.861860000	host	1.2.1		0x81			27
85	7.892598000	1.2.1	host		0x81			33
86	7.892645000	host	1.2.1		0x81			27
87	7.923115000	1.2.1	host		0x81			33
88	7.923151000	host	1.2.1		0x81			27
89	7.952503000	1.2.1	host		0x81			33
90	7.952568000	host	1.2.1		0x81			27
91	7.983032000	1.2.1	host		0x81			33
92	7.983096000	host	1.2.1		0x81			27
93	8.171821000	1.2.1	host		0x81			33
94	8.171872000	host	1.2.1		0x81			27
95	8.260628000	1.2.1	host		0x81			33
96	8.260777000	host	1.2.1		0x81			27
97	8.289079000	1.2.1	host		0x81			33
98	8.289119000	host	1.2.1		0x81			27
99	8.395580000	1.2.1	host		0x81			33
100	8.395638000	host	1.2.1		0x81			27
101	8.425074000	1.2.1	host		0x81			33
102	8.425116000	host	1.2.1		0x81			27
103	8.453873000	1.2.1	host		0x81			33
104	8.453910000	host	1.2.1		0x81			27
105	8.485289000	1.2.1	host		0x81			33
106	8.485327000	host	1.2.1		0x81			27
107	8.515552000	1.2.1	host		0x81			33
108	8.515616000	host	1.2.1		0x81			27
109	8.548008000	1.2.1	host		0x81			33
110	8.548065000	host	1.2.1		0x81			27
111	8.577273000	1.2.1	host		0x81			33
112	8.577313000	host	1.2.1		0x81			27
113	8.607315000	1.2.1	host		0x81			33
114	8.607349000	host	1.2.1		0x81			27
115	8.637714000	1.2.1	host		0x81			33
116	8.637789000	host	1.2.1		0x81			27
117	8.683574000	1.2.1	host		0x81			33
118	8.683610000	host	1.2.1		0x81			27
119	9.031828000	1.2.1	host		0x81			33
120	9.031880000	host	1.2.1		0x81			27
121	9.061484000	1.2.1	host		0x81			33
122	9.061598000	host	1.2.1		0x81			27
123	9.091830000	1.2.1	host		0x81			33
124	9.091869000	host	1.2.1		0x81			27
125	9.121878000	1.2.1	host		0x81			33
126	9.121915000	host	1.2.1		0x81			27
127	9.167732000	1.2.1	host		0x81			33
128	9.167797000	host	1.2.1		0x81			27
129	9.318182000	1.2.1	host		0x81			33
130	9.318281000	host	1.2.1		0x81			27
131	9.348428000	1.2.1	host		0x81			33
132	9.348471000	host	1.2.1		0x81			27
133	9.380050000	1.2.1	host		0x81			33
134	9.380088000	host	1.2.1		0x81			27
135	9.411126000	1.2.1	host		0x81			33
136	9.411161000	host	1.2.1		0x81			27
137	9.441240000	1.2.1	host		0x81			33
138	9.441429000	host	1.2.1		0x81			27
139	9.471842000	1.2.1	host		0x81			33
140	9.471879000	host	1.2.1		0x81			27
141	9.503400000	1.2.1	host		0x81			33
142	9.503439000	host	1.2.1		0x81			27
143	9.533396000	1.2.1	host		0x81			33
144	9.533438000	host	1.2.1		0x81			27
145	9.564276000	1.2.1	host		0x81			33
146	9.564331000	host	1.2.1		0x81			27
147	11.497413000	1.2.1	host		0x81			33
148	11.497498000	host	1.2.1		0x81			27
149	11.527525000	1.2.1	host		0x81			33
150	11.527584000	host	1.2.1		0x81			27
151	11.573961000	1.2.1	host		0x81			33
152	11.574004000	host	1.2.1		0x81			27
153	11.619304000	1.2.1	host		0x81			33
154	11.619367000	host	1.2.1		0x81			27
155	11.664458000	1.2.1	host		0x81			33
156	11.664535000	host	1.2.1		0x81			27
157	11.694316000	1.2.1	host		0x81			33
158	11.694358000	host	1.2.1		0x81			27
159	11.725575000	1.2.1	host		0x81			33
160	11.725616000	host	1.2.1		0x81			27
161	11.747472000	1.2.1	host		0x81			33
162	11.747526000	host	1.2.1		0x81			27
163	11.786428000	1.2.1	host		0x81			33
164	11.786470000	host	1.2.1		0x81			27
165	11.816638000	1.2.1	host		0x81			33
166	11.816677000	host	1.2.1		0x81			27
167	11.847177000	1.2.1	host		0x81			33
168	11.847218000	host	1.2.1		0x81			27
169	11.877023000	1.2.1	host		0x81			33
170	11.877085000	host	1.2.1		0x81			27
171	11.907444000	1.2.1	host		0x81			33
172	11.907485000	host	1.2.1		0x81			27
173	11.939028000	1.2.1	host		0x81			33
174	11.939067000	host	1.2.1		0x81			27
175	11.969133000	1.2.1	host		0x81			33
176	11.969194000	host	1.2.1		0x81			27
177	11.999480000	1.2.1	host		0x81			33
178	11.999524000	host	1.2.1		0x81			27
179	12.029046000	1.2.1	host		0x81			33
180	12.029079000	host	1.2.1		0x81			27
181	12.059225000	1.2.1	host		0x81			33
182	12.059272000	host	1.2.1		0x81			27
183	12.090101000	1.2.1	host		0x81			33
184	12.090135000	host	1.2.1		0x81			27
185	12.120177000	1.2.1	host		0x81			33
186	12.120210000	host	1.2.1		0x81			27
187	12.847356000	host	1.2.0		0x80	6	0x00	36
188	12.847486000	1.2.0	host		0x80			70
189	12.847524000	host	1.2.0		0x80	6	0x00	36
190	12.847570000	1.2.0	host		0x80			38
191	12.847597000	host	1.2.0		0x80	6	0x00	36
192	12.847642000	1.2.0	host		0x80			60
193	12.909169000	host	1.1.0		0x00		0x01	36
194	12.910660000	1.1.0	host		0x00			28
195	12.910712000	host	1.1.1		0x81			27
196	12.910759000	host	1.1.1		0x81			27
197	12.910971000	host	1.1.0		0x80	6	0x00	36
198	12.914671000	1.1.0	host		0x80			54
199	12.914746000	host	1.1.0		0x80	6	0x00	36
200	12.918668000	1.1.0	host		0x80			44
201	12.918741000	host	1.1.0		0x80	6	0x00	36
202	12.922648000	1.1.0	host		0x80			40
203	12.922859000	host	1.1.1		0x01			92
204	12.928652000	1.1.1	host		0x01			27
205	12.928721000	1.1.1	host		0x81			91
206	12.928755000	host	1.1.1		0x81			27
207	13.224468000	1.2.1	host		0x81			33
208	13.224530000	host	1.2.1		0x81			27
209	13.255596000	1.2.1	host		0x81			33
210	13.255629000	host	1.2.1		0x81			27
211	13.284900000	1.2.1	host		0x81			33
212	13.284927000	host	1.2.1		0x81			27
213	13.316166000	1.2.1	host		0x81			33
214	13.316210000	host	1.2.1		0x81			27
215	13.346845000	1.2.1	host		0x81			33
216	13.346873000	host	1.2.1		0x81			27
217	13.377035000	1.2.1	host		0x81			33
218	13.377063000	host	1.2.1		0x81			27
219	13.408612000	1.2.1	host		0x81			33
220	13.408653000	host	1.2.1		0x81			27
221	13.438103000	1.2.1	host		0x81			33
222	13.438139000	host	1.2.1		0x81			27
223	13.468917000	1.2.1	host		0x81			33
224	13.468967000	host	1.2.1		0x81			27
225	13.499312000	1.2.1	host		0x81			33
226	13.499362000	host	1.2.1		0x81			27
227	13.527099000	1.2.1	host		0x81			33
228	13.527131000	host	1.2.1		0x81			27
229	13.559293000	1.2.1	host		0x81			33
230	13.559337000	host	1.2.1		0x81			27
231	13.591166000	1.2.1	host		0x81			33
232	13.591243000	host	1.2.1		0x81			27
233	13.620865000	1.2.1	host		0x81			33
234	13.620923000	host	1.2.1		0x81			27
235	13.651445000	1.2.1	host		0x81			33
236	13.651479000	host	1.2.1		0x81			27
237	13.696911000	1.2.1	host		0x81			33
238	13.696954000	host	1.2.1		0x81			27
239	13.742396000	1.2.1	host		0x81			33
240	13.742426000	host	1.2.1		0x81			27
241	13.767003000	1.2.1	host		0x81			33
242	13.767051000	host	1.2.1		0x81			27
243	13.798870000	1.2.1	host		0x81			33
244	13.798910000	host	1.2.1		0x81			27
245	13.833283000	1.2.1	host		0x81			33
246	13.833315000	host	1.2.1		0x81			27
247	13.970332000	1.2.1	host		0x81			33
248	13.970416000	host	1.2.1		0x81			27
249	14.015238000	1.2.1	host		0x81			33
250	14.015280000	host	1.2.1		0x81			27
251	14.061451000	1.2.1	host		0x81			33
252	14.061488000	host	1.2.1		0x81			27
253	14.076683000	1.2.1	host		0x81			33
254	14.076740000	host	1.2.1		0x81			27
255	14.203739000	1.2.1	host		0x81			33
256	14.203826000	host	1.2.1		0x81			27
257	14.240329000	1.2.1	host		0x81			33
258	14.240371000	host	1.2.1		0x81			27
259	14.378673000	1.2.1	host		0x81			33
260	14.378742000	host	1.2.1		0x81			27
261	14.408536000	1.2.1	host		0x81			33
262	14.408584000	host	1.2.1		0x81			27
263	14.454394000	1.2.1	host		0x81			33
264	14.454458000	host	1.2.1		0x81			27
265	15.639282000	1.2.1	host		0x81			33
266	15.639361000	host	1.2.1		0x81			27
267	15.668468000	1.2.1	host		0x81			33
268	15.668501000	host	1.2.1		0x81			27
269	15.699155000	1.2.1	host		0x81			33
270	15.699187000	host	1.2.1		0x81			27
271	15.743853000	1.2.1	host		0x81			33
272	15.743884000	host	1.2.1		0x81			27
273	15.835325000	1.2.1	host		0x81			33
274	15.835357000	host	1.2.1		0x81			27
275	15.855082000	1.2.1	host		0x81			33
276	15.855114000	host	1.2.1		0x81			27
277	15.887166000	1.2.1	host		0x81			33
278	15.887199000	host	1.2.1		0x81			27
279	15.919275000	1.2.1	host		0x81			33
280	15.919309000	host	1.2.1		0x81			27
281	15.957322000	1.2.1	host		0x81			33
282	15.957386000	host	1.2.1		0x81			27
283	15.987895000	1.2.1	host		0x81			33
284	15.987965000	host	1.2.1		0x81			27
285	16.033446000	1.2.1	host		0x81			33
286	16.033513000	host	1.2.1		0x81			27
287	16.064315000	1.2.1	host		0x81			33
288	16.064352000	host	1.2.1		0x81			27
289	16.312430000	1.2.1	host		0x81			33
290	16.312483000	host	1.2.1		0x81			27
291	16.424035000	1.2.1	host		0x81			33
292	16.424083000	host	1.2.1		0x81			27
293	16.460591000	1.2.1	host		0x81			33
294	16.460630000	host	1.2.1		0x81			27
295	17.040267000	1.2.1	host		0x81			33
296	17.040370000	host	1.2.1		0x81			27
297	17.086172000	1.2.1	host		0x81			33
298	17.086208000	host	1.2.1		0x81			27
299	17.115783000	1.2.1	host		0x81			33
300	17.115819000	host	1.2.1		0x81			27
301	17.145929000	1.2.1	host		0x81			33
302	17.145949000	host	1.2.1		0x81			27
303	17.177202000	1.2.1	host		0x81			33
304	17.177300000	host	1.2.1		0x81			27
305	17.207012000	1.2.1	host		0x81			33
306	17.207075000	host	1.2.1		0x81			27
307	17.237497000	1.2.1	host		0x81			33
308	17.237562000	host	1.2.1		0x81			27
309	17.357534000	1.2.1	host		0x81			33
310	17.357588000	host	1.2.1		0x81			27
311	17.387907000	1.2.1	host		0x81			33
312	17.387946000	host	1.2.1		0x81			27
313	17.419115000	1.2.1	host		0x81			33
314	17.419151000	host	1.2.1		0x81			27
315	17.449399000	1.2.1	host		0x81			33
316	17.449463000	host	1.2.1		0x81			27
317	17.478997000	1.2.1	host		0x81			33
318	17.479033000	host	1.2.1		0x81			27
319	17.524971000	1.2.1	host		0x81			33
320	17.525017000	host	1.2.1		0x81			27
321	17.556120000	1.2.1	host		0x81			33
322	17.556185000	host	1.2.1		0x81			27
323	17.601798000	1.2.1	host		0x81			33
324	17.601841000	host	1.2.1		0x81			27
325	17.647941000	1.2.1	host		0x81			33
326	17.647990000	host	1.2.1		0x81			27
327	17.694360000	1.2.1	host		0x81			33
328	17.694403000	host	1.2.1		0x81			27
329	17.719116000	1.2.1	host		0x81			33
330	17.719138000	host	1.2.1		0x81			27
331	17.751200000	1.2.1	host		0x81			33
332	17.751241000	host	1.2.1		0x81			27
333	17.783241000	1.2.1	host		0x81			33
334	17.783291000	host	1.2.1		0x81			27
335	17.811057000	1.2.1	host		0x81			33
336	17.811100000	host	1.2.1		0x81			27
337	17.839321000	1.2.1	host		0x81			33
338	17.839391000	host	1.2.1		0x81			27
339	17.876280000	1.2.1	host		0x81			33
340	17.876420000	host	1.2.1		0x81			27
341	17.908238000	1.2.1	host		0x81			33
342	17.908317000	host	1.2.1		0x81			27
343	17.952968000	1.2.1	host		0x81			33
344	17.953018000	host	1.2.1		0x81			27
345	17.983028000	1.2.1	host		0x81			33
346	17.983059000	host	1.2.1		0x81			27
347	18.014248000	1.2.1	host		0x81			33
348	18.014282000	host	1.2.1		0x81			27
349	18.090142000	1.2.1	host		0x81			33
350	18.090203000	host	1.2.1		0x81			27
351	18.228237000	1.2.1	host		0x81			33
352	18.228280000	host	1.2.1		0x81			27
353	18.343778000	1.2.1	host		0x81			33
354	18.343838000	host	1.2.1		0x81			27
355	18.378609000	1.2.1	host		0x81			33
356	18.378656000	host	1.2.1		0x81			27
357	18.744318000	1.2.1	host		0x81			33
358	18.744385000	host	1.2.1		0x81			27
359	18.816409000	1.2.1	host		0x81			33
360	18.816490000	host	1.2.1		0x81			27
361	18.849601000	1.2.1	host		0x81			33
362	18.849634000	host	1.2.1		0x81			27
363	18.888142000	1.2.1	host		0x81			33
364	18.888195000	host	1.2.1		0x81			27
365	18.925225000	1.2.1	host		0x81			33
366	18.925276000	host	1.2.1		0x81			27
367	18.955985000	1.2.1	host		0x81			33
368	18.956018000	host	1.2.1		0x81			27
369	18.986980000	1.2.1	host		0x81			33
370	18.987026000	host	1.2.1		0x81			27
371	19.017078000	1.2.1	host		0x81			33
372	19.017119000	host	1.2.1		0x81			27
373	19.047784000	1.2.1	host		0x81			33
374	19.047838000	host	1.2.1		0x81			27
375	19.077805000	1.2.1	host		0x81			33
376	19.077850000	host	1.2.1		0x81			27
377	19.106680000	1.2.1	host		0x81			33
378	19.106756000	host	1.2.1		0x81			27
379	19.213893000	1.2.1	host		0x81			33
380	19.213953000	host	1.2.1		0x81			27
381	19.291608000	1.2.1	host		0x81			33
382	19.291667000	host	1.2.1		0x81			27
383	19.328137000	1.2.1	host		0x81			33
384	19.328168000	host	1.2.1		0x81			27
385	19.369210000	1.2.1	host		0x81			33
386	19.369268000	host	1.2.1		0x81			27
387	25.144129000	1.2.1	host		0x81			27
388	25.144183000	1.2.1	host		0x81			27
